{"cameraMode":{"drawMode":0,"name":"Shaded","section":"Shading Mode"},"sceneLighting":false,"audioPlay":false,"sceneViewState":{"m_AlwaysRefresh":false,"showFog":true,"showSkybox":false,"showFlares":true,"showImageEffects":true,"showParticleSystems":true,"showVisualEffectGraphs":true,"m_FxEnabled":true},"in2DMode":false,"pivot":{"x":0.1657857894897461,"y":0.1730138063430786,"z":-0.029231011867523195},"rotation":{"x":-0.05678374320268631,"y":-0.9407159686088562,"z":0.19843997061252595,"w":-0.26918715238571169},"size":1.6061865091323853,"orthographic":true}